origem;destino
10;13
0;39
17;10
45;4
9;40
29;9
44;42
43;41
25;6
40;12
6;41
10;24
41;42
31;26
1;35
17;10
33;34
41;0
32;21
6;6
31;3
36;4
28;35
25;49
11;22
0;46
37;44
24;4
6;10
12;31
25;42
24;49
21;47
47;5
40;2
5;2
13;26
31;8
37;5
40;46
9;41
34;13
19;45
26;37
9;9
26;37
22;38
29;41
12;1
17;29
44;35
37;49
37;10
6;37
49;45
24;16
6;28
9;26
17;46
34;25
0;37
47;22
8;47
19;21
43;47
32;15
38;17
6;6
33;34
32;21
48;37
8;35
31;22
19;48
36;10
34;28
17;14
21;38
21;8
15;35
46;6
39;3
10;39
38;6
20;41
36;39
8;19
42;42
19;45
37;6
36;25
41;7
25;28
40;26
11;48
10;45
46;3
33;28
0;3
32;46
44;35
16;38
16;46
22;30
28;17
41;13
15;14
8;21
42;25
40;32
35;20
15;37
10;39
29;38
14;7
40;46
19;15
47;1
0;48
47;10
7;12
29;40
19;46
38;31
41;23
6;15
8;5
49;7
22;45
22;20
42;41
7;33
0;30
42;3
44;28
21;33
35;6
31;35
32;22
18;4
25;12
13;27
34;46
5;4
12;49
44;46
0;6
34;45
43;24
40;6
3;49
24;1
40;22
30;40
21;34
26;10
14;12
8;4
2;31
5;31
38;41
47;25
10;33
9;25
32;14
28;43
39;9
32;4
11;43
43;21
24;18
19;34
4;16
19;40
28;32
25;26
39;29
42;45
37;8
22;0
31;11
22;9
5;5
12;20
37;23
49;5
23;26
22;45
13;27
35;11
13;35
30;37
42;5
16;49
24;47
2;38
20;44
44;35
39;1
11;7
44;8
41;40
11;26
32;42
9;46
14;44
1;25
42;34
10;46
39;10
13;10
42;0
16;48
19;33
5;27
36;4
28;11
37;29
29;16
16;46
22;18
23;34
32;40
1;17
4;36
4;3
38;29
31;37
11;20
44;24
10;18
27;21
36;40
27;2
2;4
36;27
40;24
14;20
48;26
31;30
12;32
17;18
34;20
33;7
29;42
5;19
30;24
12;8
9;38
39;32
38;16
12;8
21;28
48;48
22;0
45;16
27;19
6;11
46;36
16;33
39;31
1;23
41;46
8;39
6;2
8;38
42;45
21;34
0;14
45;3
36;30
25;34
20;33
34;26
36;7
14;0
39;40
5;28
7;34
31;4
31;21
49;31
30;45
13;1
8;19
40;2
27;49
45;5
39;23
5;40
47;4
44;44
22;25
44;27
29;16
20;17
45;48
46;34
28;45
33;14
18;2
28;16
24;18
26;49
46;0
43;9
23;14
31;46
18;24
32;26
27;35
48;45
18;22
45;21
9;26
45;0
19;48
39;49
26;16
48;26
24;20
5;17
42;16
28;40
46;11
15;37
21;11
14;47
0;2
25;43
14;11
1;33
19;16
11;48
36;5
25;1
44;4
20;35
18;39
37;18
8;42
34;43
14;36
29;25
9;10
17;18
20;33
33;2
29;33
46;37
6;32
3;33
1;11
11;22
24;3
16;43
45;38
46;7
6;46
44;36
0;41
10;2
24;49
46;47
31;40
44;8
41;21
6;8
16;11
21;36
18;22
30;45
2;1
25;29
26;13
29;36
37;49
35;31
36;14
1;3
8;41
22;37
17;2
7;23
4;29
48;16
47;12
5;43
34;10
0;13
40;33
30;45
6;18
38;44
14;31
1;41
27;48
19;11
24;9
28;36
12;29
41;35
38;4
30;8
35;13
10;27
39;20
1;37
36;3
4;49
41;46
30;7
41;41
38;45
4;29
27;44
25;47
42;20
46;7
22;11
22;47
36;17
47;4
43;24
47;0
4;6
35;12
1;34
4;39
0;19
17;0
45;48
6;5
12;34
30;2
8;15
37;12
24;45
27;2
36;30
10;34
48;45
47;24
47;37
39;48
11;2
38;40
35;2
33;7
49;33
22;48
38;14
2;37
31;37
16;13
45;28
10;9
14;23
26;21
27;37
5;42
30;0
40;6
35;40
41;1
17;29
31;47
13;27
8;32
34;49
33;8
11;6
9;11
5;49
37;4
11;3
31;23
25;41
24;47
42;46
31;49
28;42
18;7
37;0
45;30
9;46
23;39
27;5
15;23
17;37
37;35
39;37
21;44
20;0
0;33
0;4
49;4
6;2
26;25
10;25
43;33
44;26
9;13
35;20
5;11
47;5
32;23
48;32
15;23
1;42
18;48
30;29
3;16
29;16
10;6
36;5
26;2
21;8
9;31
10;32
38;3
39;15
41;13
27;42
47;25
35;37
33;27
17;1
9;9
29;24
25;31
33;14
8;38
25;32
19;8
24;45
20;35
7;41
31;11
41;9
25;8
23;48
47;31
45;45
31;9
29;20
2;41
34;48
37;33
26;38
4;5
48;28
18;44
26;4
41;2
40;28
3;21
44;37
27;48
33;8
11;1
7;12
41;16
4;21
39;37
48;48
28;46
45;37
24;49
26;27
31;9
38;11
34;19
37;34
21;43
21;46
40;39
11;38
11;7
37;0
11;12
49;41
40;23
25;1
4;0
48;15
49;40
36;3
36;28
6;32
35;4
33;15
9;35
23;27
37;10
22;40
23;16
28;26
4;7
3;48
18;32
40;47
45;3
19;21
23;20
37;4
8;9
7;19
22;3
3;32
22;18
33;12
18;38
5;49
13;38
20;24
43;9
43;10
46;20
0;11
34;30
5;41
12;11
9;3
3;37
5;14
21;22
34;41
35;37
3;32
16;23
40;41
0;47
27;21
24;35
11;32
28;0
35;38
11;49
37;15
4;44
36;18
45;22
35;10
6;37
6;7
19;11
3;16
26;6
9;27
45;23
14;19
42;25
24;10
39;10
46;19
9;12
23;24
34;36
47;32
15;45
33;14
18;43
38;32
31;5
38;1
7;38
39;4
23;49
12;10
37;13
23;23
29;42
30;38
21;32
45;7
47;5
36;7
7;18
48;14
18;33
45;49
20;29
1;22
25;41
3;41
30;29
12;5
9;40
45;16
48;11
48;46
16;37
10;4
42;7
33;43
0;41
18;9
19;45
16;23
13;26
21;13
40;44
25;23
0;10
18;5
27;9
42;19
13;15
30;48
16;43
2;49
0;33
12;23
35;12
34;4
39;45
27;48
29;11
18;47
28;42
48;34
6;21
11;44
13;40
22;40
28;39
21;46
14;8
44;11
35;22
0;41
32;32
22;13
23;42
8;40
45;42
39;38
41;28
33;36
33;26
40;44
43;23
10;31
16;45
12;11
41;24
14;13
31;16
14;2
19;6
7;47
7;20
35;8
45;22
1;17
7;43
11;22
14;14
46;25
13;29
39;36
38;20
44;38
6;28
25;31
40;39
6;49
45;27
17;41
36;20
7;0
9;39
19;43
13;40
48;24
21;39
3;28
44;28
29;40
37;3
24;20
41;11
6;36
12;30
6;30
2;38
42;21
2;12
48;26
18;35
6;19
10;34
38;25
32;39
45;42
0;14
13;5
10;49
38;37
18;45
31;13
45;15
7;49
27;36
37;42
45;1
42;36
45;4
20;20
14;24
10;1
41;6
7;30
35;14
1;30
34;28
22;46
4;47
19;29
38;36
5;26
27;33
17;36
24;30
13;47
46;7
11;24
38;2
42;5
18;19
5;25
33;13
48;18
33;44
38;46
46;13
4;37
5;34
46;26
4;38
13;2
27;34
28;38
34;11
39;12
18;45
35;48
35;48
22;39
15;28
40;24
35;47
18;47
26;27
36;31
2;30
33;26
38;41
0;33
33;11
1;9
23;33
8;43
25;28
31;18
48;23
12;24
19;14
4;8
33;6
12;9
37;47
19;15
43;35
47;4
23;49
41;1
18;46
9;25
36;2
32;45
19;26
22;23
4;49
6;26
34;44
30;44
8;44
1;48
10;42
47;4
19;19
15;9
11;18
34;37
4;14
35;11
20;5
16;32
14;9
1;35
8;17
20;5
27;8
28;12
43;47
5;3
33;42
20;43
4;10
25;7
7;24
22;7
43;25
32;4
28;7
0;31
2;40
42;27
3;23
22;10
18;33
8;46
33;20
18;31
28;6
35;49
18;5
13;2
46;5
16;0
19;1
24;26
37;21
11;25
44;45
29;5
3;32
17;7
3;4
22;17
43;16
47;41
12;47
10;2
11;48
1;28
37;41
39;25
22;24
23;29
27;13
25;22
14;32
22;46
15;15
4;9
46;28
48;46
1;16
37;28
12;45
22;2
21;44
46;21
46;31
1;28
13;1
13;48
12;36
12;24
16;4
20;28
47;36
37;18
1;7
25;22
18;40
45;27
12;31
25;15
46;32
19;11
5;17
26;4
36;36
26;14
35;37
3;5
36;47
17;10
40;37
4;32
25;44
38;11
44;21
2;15
24;10
8;34
44;15
11;31
46;45
28;46
44;37
31;30
48;9
33;2
13;41
16;6
32;16
4;22
1;25
19;34
39;9
8;24
5;7
36;30
11;22
39;38
36;14
16;12
22;2
41;28
22;43
8;29
1;27
42;13
8;35
16;49
9;8
48;12
4;25
34;29
4;9
34;9
33;46
17;33
33;32
24;29
27;30
23;45
18;35
43;8
14;7
47;20
43;12
34;29
3;4
1;37
2;41
5;43
1;12
29;11
49;16
23;12
26;7
22;6
27;49
48;13
46;5
43;19
38;7
49;39
19;24
13;30
26;1
14;44
37;43
18;0
29;20
5;43
24;5
9;30
5;24
45;13
0;33
38;28
44;26
22;38
42;36
20;4
37;39
3;8
24;43
47;46
29;40
40;32
46;27
43;24
4;6
45;35
39;32
46;39
40;40
27;6
40;20
23;15
39;46
43;9
17;47
41;17
49;8
44;22
8;36
16;17
46;38
4;33
31;12
45;43
21;22
19;11
31;19
13;38
34;23
36;22
38;27
39;8
38;22
27;20
3;30
9;26
45;16
12;36
23;32
5;8
19;9
34;17
45;45
24;42
28;5
22;49
18;47
25;27
37;41
22;42
5;28
21;36
35;26
22;24
12;0
24;3
6;42
16;28
28;40
10;30
22;41
2;30
49;31
4;17
31;45
6;21
29;34
42;8
18;24
2;3
12;23
43;43
5;1
35;13
26;47
44;36
25;47
6;15
21;26
49;28
8;27
29;23
23;38
20;2
2;43
5;28
24;36
43;14
8;1
12;46
6;48
12;46
6;26
43;29
9;35
12;30
28;26
23;24
36;48
11;16
41;22
4;45
25;41
8;34
34;36
38;22
42;40
49;43
40;12
33;2
5;12
24;4
23;29
38;5
32;9
43;4
40;30
1;12
10;33
16;22
29;45
35;22
40;0
45;16
28;4
36;15
8;12
23;42
44;0
17;27
17;18
36;19
24;22
21;37
18;47
19;19
48;45
40;39
32;27
7;15
27;36
34;38
17;36
7;2
6;10
15;18
6;31
49;16
45;19
44;29
35;46
34;25
37;21
41;6
31;0
29;20
39;14
34;19
25;14
27;42
19;44
38;4
7;4
27;34
9;34
6;14
33;6
18;1
29;41
11;14
19;9
35;26
41;8
27;16
0;15
36;10
23;25
32;48
23;32
26;30
29;43
21;10
26;38
13;28
17;44
14;19
28;13
26;44
37;44
34;24
36;7
36;25
37;1
7;9
7;7
1;34
46;25
33;46
3;5
44;1
24;9
32;17
42;4
16;6
3;32
28;24
38;37
25;0
1;9
0;26
41;8
11;34
1;26
28;3
35;6
29;35
10;28
21;39
47;4
34;6
13;22
40;5
17;4
4;22
8;33
13;16
27;41
21;21
2;25
4;6
3;10
31;32
47;18
27;28
1;29
25;29
5;11
18;26
42;3
14;43
15;24
28;13
22;11
18;39
19;44
31;42
48;40
9;44
23;22
35;3
47;47
2;21
27;21
34;33
22;20
21;11
0;11
41;47
28;33
4;10
18;43
47;8
6;48
44;17
35;34
38;42
0;40
4;40
4;28
1;31
12;42
37;21
25;38
10;27
0;33
30;12
23;43
48;49
38;19
34;47
26;0
2;46
49;21
35;5
30;30
42;35
5;40
12;22
41;12
7;16
33;22
0;48
9;35
49;4
31;28
46;19
23;26
1;32
15;11
49;20
32;16
24;0
28;29
18;2
41;1
42;9
20;11
29;14
42;1
40;42
27;49
8;6
31;27
18;41
4;14
34;10
38;22
25;48
41;38
35;41
8;2
10;23
32;10
31;46
18;35
30;19
28;17
21;47
37;48
40;34
40;11
30;46
26;34
24;16
5;9
11;49
32;11
43;48
9;7
26;44
0;21
8;18
3;12
28;31
10;8
18;0
26;32
49;10
8;17
40;25
14;18
16;47
22;33
42;4
30;46
14;48
26;9
1;48
5;38
36;39
49;40
22;7
21;26
47;5
34;34
37;19
6;12
9;47
9;21
34;30
24;3
3;43
23;32
10;6
48;12
32;35
11;42
42;18
23;22
21;46
18;12
36;2
41;8
28;20
34;42
5;6
25;2
31;19
10;25
44;13
3;2
44;24
31;16
43;45
37;2
16;44
25;8
20;47
21;18
23;34
6;31
26;41
35;6
1;0
24;39
2;46
34;24
37;8
41;33
47;17
26;25
22;48
31;8
40;41
31;34
2;25
18;37
17;35
48;22
14;33
23;33
46;18
26;43
49;29
34;38
48;7
24;34
42;17
19;1
10;13
28;40
13;27
22;7
47;39
0;44
11;46
40;24
34;45
44;49
8;21
1;49
29;47
44;0
9;3
3;45
16;6
31;39
35;34
28;48
3;13
29;21
33;41
12;26
1;28
45;30
48;0
19;17
30;45
24;12
28;20
23;19
9;37
40;45
15;41
7;49
16;36
4;4
10;11
22;49
10;25
12;8
49;36
7;28
6;33
25;26
29;36
2;9
26;34
31;25
22;13
5;49
37;3
16;15
21;41
42;1
6;28
35;19
29;39
41;19
39;17
40;17
38;31
22;20
28;49
12;27
11;11
34;22
1;31
17;46
27;46
30;46
33;12
3;9
16;46
40;18
16;19
21;10
19;0
13;3
34;40
26;33
28;30
3;20
35;29
15;49
10;8
12;15
3;48
23;42
15;14
27;20
14;31
17;23
37;6
11;11
17;48
6;3
17;9
12;0
28;41
9;5
22;15
21;43
11;35
31;40
23;27
39;28
15;2
36;13
48;38
2;46
24;36
33;17
28;42
3;47
17;19
40;5
47;29
14;46
5;10
13;19
15;2
13;10
2;24
13;8
34;4
3;35
25;40
12;8
14;37
38;32
35;19
1;37
0;38
12;11
14;13
1;42
12;43
21;42
26;44
29;24
0;4
17;43
14;12
36;20
6;18
41;43
0;11
35;30
42;44
17;23
18;35
5;44
43;36
45;30
27;7
49;35
38;18
18;33
5;49
44;29
33;10
42;40
16;13
32;3
49;37
8;16
24;5
27;41
23;16
1;7
42;24
17;13
2;27
3;22
39;7
40;27
5;13
12;31
1;20
0;9
26;25
42;30
37;9
11;6
47;47
44;38
4;41
2;46
28;6
6;16
32;19
35;41
29;18
29;40
21;31
42;22
38;37
42;45
15;45
11;21
9;45
28;17
10;43
9;21
15;3
3;11
40;41
39;32
6;30
14;37
47;30
48;1
20;0
37;2
21;15
47;29
15;40
15;8
37;45
25;27
33;1
1;32
7;30
0;23
44;6
48;33
7;44
0;6
33;45
8;34
31;36
7;19
44;19
8;3
1;13
20;9
17;41
43;35
4;4
28;30
14;34
42;47
33;41
16;24
21;3
1;43
12;13
10;28
4;4
31;1
48;12
10;11
41;32
19;16
3;46
8;28
23;19
39;43
5;2
30;25
29;1
47;26
23;11
46;45
11;9
19;34
44;40
15;30
2;13
29;21
36;19
3;19
11;29
23;34
38;31
41;12
48;37
14;34
5;12
34;15
47;25
2;10
27;19
24;28
20;8
39;19
29;13
7;45
44;30
4;42
40;18
37;8
33;3
14;20
33;46
36;22
23;30
35;27
16;10
48;3
26;11
45;47
21;1
30;37
40;36
30;7
15;49
1;22
13;14
15;17
31;10
23;4
7;20
2;30
42;26
39;7
8;42
27;12
32;2
14;10
16;39
5;36
15;3
0;42
29;5
1;5
30;9
36;5
46;37
6;14
17;48
27;23
5;34
33;16
18;5
40;10
8;27
18;35
30;4
24;27
46;7
28;41
2;32
1;20
19;0
34;47
10;1
0;8
39;49
26;44
47;26
45;3
47;48
13;28
12;11
48;36
13;30
5;12
20;15
22;20
48;28
16;21
9;38
13;22
39;34
3;13
35;23
47;35
49;28
38;13
8;26
13;28
27;35
15;7
25;26
45;18
44;21
17;39
35;15
7;2
5;4
8;25
24;2
8;11
38;24
13;32
8;1
25;38
6;46
36;39
40;10
41;42
34;25
16;45
8;10
35;32
22;1
26;45
2;23
27;25
9;3
25;10
35;11
44;20
6;3
30;33
35;14
24;41
27;9
33;4
13;26
11;3
33;41
32;46
43;11
28;14
47;21
18;40
10;23
32;14
22;10
27;19
12;49
13;2
35;24
33;38
35;23
17;10
49;33
1;27
32;36
35;15
45;45
40;38
6;24
14;48
25;28
38;26
30;13
16;46
10;28
44;20
1;8
16;10
43;34
30;21
16;41
32;35
4;0
43;18
10;38
2;44
25;44
23;37
32;1
5;36
17;25
27;19
40;26
31;36
36;2
42;36
35;24
1;4
19;8
28;48
34;21
24;1
35;43
1;31
5;43
42;24
38;38
49;30
41;16
21;10
33;48
14;31
20;27
31;48
30;47
43;39
21;46
12;36
18;21
21;21
16;0
17;49
1;29
17;8
4;9
44;8
31;16
34;37
18;40
4;32
27;5
4;43
35;43
27;24
46;9
16;30
9;23
19;6
39;21
15;17
46;0
31;26
24;26
5;12
35;21
20;35
46;30
14;27
41;30
15;24
41;2
41;40
33;17
10;34
2;24
1;35
12;34
9;14
0;41
16;48
16;35
28;41
16;17
42;38
2;9
16;2
6;12
46;14
48;47
46;11
6;25
11;5
46;9
29;27
4;13
47;8
26;31
15;27
37;46
27;18
6;4
27;36
32;22
38;27
44;15
39;28
0;44
1;34
36;49
13;3
37;9
26;6
14;29
13;20
17;14
30;28
30;31
23;49
49;40
7;20
36;6
33;10
27;28
36;14
37;11
1;0
17;32
13;42
24;8
34;12
20;12
44;15
18;36
32;21
0;8
15;8
2;11
5;30
8;18
18;42
42;27
33;5
37;26
35;32
9;23
36;17
27;18
28;19
10;30
44;18
29;12
18;18
39;40
17;9
46;3
23;41
44;2
14;36
7;9
23;45
45;6
39;20
23;15
5;6
24;17
45;40
5;26
12;2
26;45
1;9
48;13
0;43
10;39
20;37
6;32
22;3
23;33
21;2
39;44
39;24
12;48
7;27
6;38
45;1
30;19
46;9
10;33
29;29
43;9
47;32
8;17
25;25
10;38
39;45
17;45
30;29
22;17
13;38
45;22
1;11
43;47
21;27
30;42
1;46
45;16
18;24
12;33
8;36
37;32
33;33
5;19
47;42
12;20
4;38
20;36
46;0
42;31
26;2
2;8
49;40
5;47
49;29
27;4
49;6
5;15
22;43
37;41
1;13
32;8
3;10
29;37
22;11
40;8
23;27
11;26
25;44
13;22
48;31
24;17
38;13
37;41
44;16
21;2
10;15
29;36
44;11
21;2
43;49
10;39
7;35
9;42
27;26
39;44
5;23
38;34
43;2
28;48
31;5
9;11
29;31
38;39
20;36
37;1
39;44
45;30
48;19
8;15
44;13
9;7
39;19
6;3
13;21
3;3
36;21
40;12
49;29
25;41
33;32
4;41
26;38
40;34
12;7
16;19
24;8
39;46
40;21
17;31
24;14
49;21
27;25
48;23
23;16
37;13
40;3
19;47
21;28
18;43
35;2
41;25
24;47
3;15
17;24
7;17
25;10
11;41
31;43
5;5
36;41
45;46
37;41
11;35
18;0
16;32
36;43
5;45
43;46
39;24
18;36
40;24
7;10
3;31
45;43
41;43
15;16
33;34
15;42
20;6
43;5
28;22
26;5
7;8
0;17
3;3
22;29
23;8
34;13
8;6
43;25
17;44
11;39
15;11
11;29
25;47
30;18
22;27
9;38
49;27
41;20
39;3
26;41
9;20
3;17
19;36
17;24
27;5
30;39
11;33
10;9
17;15
49;46
0;4
45;20
27;29
25;15
19;42
25;17
6;0
27;40
5;11
6;43
14;46
48;46
23;16
2;24
24;36
24;13
14;12
2;45
29;26
49;23
38;39
36;1
32;37
23;2
48;30
7;33
17;16
12;47
42;12
25;30
20;39
1;9
23;21
10;38
20;2
44;11
4;14
6;46
19;34
19;44
26;35
45;3
43;46
27;48
48;18
40;6
6;39
9;6
40;45
24;0
21;25
29;39
9;16
39;22
14;19
41;23
25;42
4;12
24;7
27;14
1;5
43;35
3;4
1;2
15;47
2;6
11;32
46;24
35;19
2;8
16;34
0;12
7;47
42;37
13;4
21;46
34;13
4;11
43;8
14;17
42;46
5;4
36;3
31;32
19;38
10;15
0;5
42;18
26;15
34;12
49;13
1;7
6;36
16;35
20;14
28;24
21;13
2;29
46;0
14;32
44;36
31;29
44;32
25;7
0;13
30;2
26;27
1;19
36;16
49;21
5;32
31;29
48;18
0;37
27;27
16;29
8;9
30;40
32;11
27;6
38;49
21;8
35;19
6;3
34;19
21;25
43;39
25;49
9;25
38;5
37;24
42;25
0;33
28;2
28;22
3;39
38;18
23;7
38;46
9;5
23;15
40;24
47;35
36;0
21;27
9;25
44;40
45;28
23;12
31;6
31;46
38;47
35;46
43;2
48;19
29;35
38;0
43;47
33;35
21;21
25;33
20;38
22;8
9;12
24;35
16;16
9;48
26;43
47;37
48;38
41;18
42;32
6;26
31;46
19;18
46;29
24;0
41;26
29;15
36;43
40;34
41;24
3;33
48;10
10;42
13;8
49;18
27;49
18;31
23;33
17;16
21;39
43;34
34;43
42;17
20;11
11;7
24;31
37;26
26;20
25;32
14;12
32;13
46;14
21;16
31;23
28;28
21;8
17;22
5;42
9;39
22;29
1;41
46;45
43;31
21;20
11;15
6;39
8;1
47;36
28;44
0;37
35;38
47;49
27;8
19;34
25;15
23;12
3;35
32;22
36;11
43;27
2;33
8;3
22;23
32;2
30;22
27;43
25;0
37;29
13;1
27;18
30;17
8;19
31;41
26;0
23;2
1;14
44;39
20;0
4;43
2;31
37;18
48;26
15;25
14;43
44;15
30;42
48;21
37;41
16;24
17;19
10;33
47;26
49;2
23;10
31;27
37;2
36;29
45;13
33;47
37;36
6;33
44;4
46;9
44;13
2;4
25;47
14;21
6;37
45;19
31;13
45;15
23;15
49;18
15;26
21;7
25;2
11;45
26;43
33;45
8;20
30;32
30;37
33;4
39;45
48;35
8;11
31;2
48;3
22;31
22;14
7;30
12;44
23;6
8;19
20;15
2;9
16;6
32;2
22;30
21;29
25;36
39;13
4;17
41;29
1;36
37;35
31;32
28;0
40;44
7;7
13;46
19;16
23;33
14;39
11;18
12;47
21;17
28;6
35;35
43;34
12;26
21;31
19;30
39;43
49;44
42;29
44;3
45;32
9;35
49;14
45;44
12;45
2;1
24;1
9;45
38;28
13;31
29;24
1;36
18;31
34;24
3;44
24;3
36;8
22;38
6;6
20;2
32;32
9;12
32;9
30;4
48;26
35;21
0;12
2;48
14;35
0;46
41;19
43;36
19;18
27;11
23;27
28;15
34;27
45;48
26;8
42;24
44;6
41;21
11;49
45;21
21;5
10;43
19;33
4;40
40;22
11;14
32;30
37;1
3;21
45;5
32;42
0;1
0;42
48;22
40;39
43;14
4;5
36;45
24;21
42;36
37;45
21;39
17;10
7;49
30;24
27;21
20;26
25;34
30;16
2;47
11;34
12;18
37;2
1;38
29;5
28;15
22;29
36;44
25;32
0;13
39;17
40;44
46;29
46;16
45;47
8;32
37;27
29;0
42;34
10;0
28;41
34;4
8;10
26;17
25;40
3;35
11;26
40;12
23;29
5;37
10;46
29;39
31;44
38;17
45;30
27;14
19;47
2;6
10;20
7;26
25;21
38;44
16;35
32;9
3;24
23;24
35;44
34;5
13;45
27;28
41;36
14;7
33;30
39;27
42;25
11;12
10;46
7;24
24;13
48;8
36;16
19;24
6;23
41;2
18;16
48;17
16;3
12;40
33;39
47;49
43;0
41;38
25;15
6;38
11;34
25;36
38;32
14;43
49;32
21;33
45;35
19;42
35;0
42;37
44;37
24;13
7;11
45;44
39;39
0;10
14;5
42;27
6;41
40;13
36;24
21;10
7;13
39;26
9;45
3;28
27;3
34;32
37;42
19;46
12;33
30;39
24;44
40;25
3;2
49;11
35;11
21;33
34;13
38;9
29;29
33;14
40;38
36;28
12;22
24;49
16;29
1;22
9;45
5;43
27;11
32;11
26;25
39;5
41;44
31;28
47;44
20;2
20;22
7;3
30;2
36;30
42;11
21;16
22;45
41;34
34;38
22;28
36;34
25;19
38;24
21;20
45;5
16;13
4;41
32;11
14;9
34;8
10;42
36;48
48;8
48;35
31;11
42;28
1;48
3;2
22;49
18;42
1;15
38;26
29;11
48;21
40;21
29;9
29;0
9;13
37;5
27;8
2;35
45;44
26;22
42;26
13;34
24;20
2;4
13;42
36;47
34;43
5;18
49;9
5;31
37;16
20;35
29;26
32;44
42;7
12;35
5;6
14;47
16;4
3;13
30;3
30;41
19;39
22;22
37;6
23;8
3;12
13;32
15;39
4;3
35;10
33;2
25;43
15;11
22;41
30;33
43;33
1;35
6;34
12;40
37;16
43;12
3;41
34;8
6;28
2;35
23;18
8;11
24;26
18;20
17;34
3;12
48;28
17;12
36;18
24;13
22;26
39;41
1;39
25;22
19;37
46;30
9;4
16;8
4;33
43;48
32;49
30;32
34;1
14;34
48;12
25;17
23;32
16;17
31;33
13;42
10;38
10;48
33;19
8;15
0;5
24;35
47;18
41;26
45;10
3;15
21;39
45;0
40;28
31;5
15;5
46;7
8;29
15;1
41;14
22;10
49;0
43;26
49;46
40;46
16;9
17;15
39;13
19;12
11;49
47;33
22;34
11;25
1;13
6;44
15;19
1;8
46;26
4;0
11;43
23;44
25;16
49;12
33;40
44;4
16;14
43;34
41;22
41;42
35;12
23;7
3;35
24;6
20;16
6;25
47;46
17;40
7;46
9;9
19;5
13;16
47;26
43;30
6;5
48;23
35;30
24;15
43;41
49;39
21;6
40;48
0;21
49;20
44;9
10;47
48;41
41;31
4;23
39;49
16;43
47;37
22;29
27;43
28;26
23;16
43;40
25;41
37;6
13;41
19;3
34;48
6;37
25;8
8;25
12;44
16;41
32;28
14;5
49;4
2;16
26;37
4;22
42;8
49;5
34;30
44;19
3;41
29;4
45;0
20;14
38;29
19;30
12;22
49;31
25;4
3;45
32;27
3;7
21;20
43;2
27;5
38;10
30;7
35;30
27;38
28;15
28;35
0;16
28;7
48;31
9;33
19;44
39;30
36;7
40;38
27;39
30;39
25;49
31;12
48;8
2;31
43;42
14;8
29;40
10;38
11;7
4;8
25;20
22;26
8;47
30;29
37;45
20;31
3;48
30;38
10;32
15;47
0;45
2;31
7;17
21;1
10;16
1;42
14;5
24;29
29;11
32;49
45;17
33;39
37;15
46;4
42;35
14;42
49;17
27;32
21;22
40;43
31;48
19;39
10;20
12;1
30;45
16;41
19;12
5;27
25;22
0;33
34;37
26;41
21;35
17;9
44;31
3;20
6;33
26;28
32;21
6;49
13;22
48;3
49;0
9;7
40;18
36;38
10;2
19;30
14;2
44;1
15;20
37;44
16;47
29;24
18;17
36;33
49;40
43;2
21;49
43;25
16;25
45;38
11;16
44;23
10;15
4;33
37;8
33;38
45;23
48;13
18;29
20;20
47;14
9;8
45;21
29;32
9;23
11;21
13;26
5;16
15;2
13;32
17;14
13;38
48;13
18;17
4;42
49;17
3;30
14;32
23;8
32;23
39;8
48;34
15;41
32;27
21;45
23;47
1;40
39;4
37;42
18;0
3;32
37;14
30;39
27;11
9;15
35;10
28;21
34;41
20;28
2;14
19;14
49;46
11;19
2;46
42;29
45;24
16;0
8;5
10;33
31;37
21;33
16;48
47;45
41;28
29;18
34;36
39;3
19;2
34;4
40;41
21;30
17;30
20;29
24;45
6;35
45;31
46;20
19;22
21;40
12;21
1;5
47;44
48;25
38;8
43;44
35;1
6;49
38;28
5;28
12;8
25;7
0;8
43;34
28;2
19;31
24;15
4;46
38;0
27;29
37;9
9;38
44;16
5;31
20;12
41;16
0;41
7;22
38;22
23;20
8;24
17;37
43;9
33;14
20;31
18;41
9;28
18;16
33;47
15;34
22;33
32;28
24;35
28;44
36;42
17;36
43;26
13;16
29;20
25;42
5;17
42;26
49;21
33;26
0;19
2;49
16;29
9;6
7;0
48;40
36;20
29;23
0;6
32;37
43;37
26;16
37;23
43;39
16;23
41;49
17;34
33;20
25;32
25;1
9;28
31;9
14;11
27;1
33;21
37;31
1;16
33;16
44;37
16;13
3;8
30;8
17;44
30;15
27;42
0;41
32;34
27;41
13;49
9;11
11;7
26;3
46;0
35;15
12;34
46;44
24;39
29;12
44;3
3;12
17;9
36;34
15;11
41;26
11;27
4;39
15;24
26;24
18;17
23;37
42;35
14;31
0;45
48;7
21;2
7;11
32;15
23;29
23;0
11;0
3;49
47;5
28;24
0;30
31;32
8;42
49;35
14;28
27;34
42;13
16;26
45;39
45;40
27;4
3;44
13;43
12;10
36;29
5;26
14;39
18;34
26;18
43;48
2;45
28;29
16;34
42;38
18;33
36;1
20;49
2;6
37;49
37;18
3;38
2;33
6;35
7;28
14;49
39;40
18;8
17;0
27;2
48;33
41;30
17;29
30;2
47;19
12;31
13;17
31;40
41;4
28;28
32;13
23;44
21;10
36;31
15;36
28;4
7;20
40;21
34;35
49;17
12;2
40;1
7;1
47;4
18;26
26;47
46;17
40;9
17;18
7;22
33;15
24;17
15;11
48;14
21;44
33;41
13;18
10;27
8;29
0;6
24;4
47;11
36;6
21;1
43;37
4;38
46;21
39;10
32;18
34;10
32;22
18;39
44;45
4;1
37;34
48;12
49;13
12;15
24;34
7;48
5;3
35;48
21;9
8;47
10;48
47;43
19;47
25;3
12;13
9;5
25;33
10;48
23;33
28;4
7;19
39;17
38;7
4;27
20;12
42;13
41;1
36;39
24;20
1;34
35;38
17;18
22;27
34;6
46;35
22;38
40;4
6;43
9;36
19;49
26;49
1;47
8;6
9;25
9;33
8;25
18;3
7;32
21;16
46;22
18;19
18;26
7;36
44;37
17;5
18;27
26;0
34;20
26;15
35;9
34;39
18;24
15;32
10;1
3;4
49;49
7;49
24;41
42;45
18;38
24;13
6;12
33;23
12;43
30;12
39;17
15;23
11;3
11;24
39;2
9;29
21;0
44;30
17;48
42;34
29;35
17;30
34;41
8;44
43;22
12;32
37;47
30;29
40;7
36;4
44;40
17;34
35;11
46;27
17;29
40;2
32;7
24;17
31;11
23;27
10;12
39;9
35;35
19;0
5;12
33;46
46;6
1;22
43;7
47;34
15;44
21;4
16;33
41;11
49;7
28;23
24;45
2;17
3;36
3;30
10;38
34;4
38;0
26;43
3;21
12;11
8;23
1;41
36;7
44;10
39;32
19;14
30;9
14;9
24;15
25;42
5;6
26;11
33;11
2;1
4;40
14;17
47;33
15;15
30;41
44;49
23;25
42;12
25;17
26;38
23;2
7;49
0;6
26;7
1;49
44;13
32;29
9;37
24;7
32;0
14;46
9;37
46;30
42;40
9;7
13;18
35;21
22;30
21;24
38;27
31;45
21;5
18;2
42;46
46;2
25;31
40;38
0;49
40;8
44;43
22;19
3;42
34;35
47;14
11;39
22;45
46;48
14;12
18;2
8;9
47;31
42;39
39;30
15;18
44;38
39;46
43;36
3;17
47;39
3;13
29;40
35;0
3;37
13;20
3;39
18;24
49;17
17;13
29;26
1;40
9;30
6;25
1;11
19;49
30;24
7;1
12;4
44;9
37;36
4;38
18;26
37;18
8;29
35;6
12;31
23;31
47;27
45;47
16;20
35;36
38;41
47;15
42;47
26;6
33;17
25;39
34;14
3;20
28;30
21;37
22;49
11;27
31;3
11;6
3;31
34;36
36;26
18;37
29;8
11;19
42;33
45;12
43;24
16;11
20;26
5;26
3;19
10;43
37;26
12;35
11;31
9;42
47;12
19;32
18;2
34;11
1;32
46;15
48;5
12;4
43;2
3;9
26;32
30;15
8;18
41;47
23;37
3;22
31;34
34;14
14;39
0;42
38;2
20;36
29;18
20;10
26;40
11;27
38;30
6;49
15;13
30;43
39;33
32;27
30;10
30;5
42;15
40;42
46;16
41;28
7;9
6;42
48;6
10;6
32;16
0;18
11;13
4;46
15;10
0;28
7;16
10;38
8;43
20;15
22;9
0;18
9;2
2;44
37;21
7;23
27;41
24;38
44;32
29;2
17;44
4;16
32;5
15;19
5;35
20;16
43;13
33;24
40;22
21;46
37;5
43;24
19;2
12;14
5;30
43;11
9;25
20;9
3;36
6;49
24;25
31;15
1;40
7;47
16;29
0;5
37;20
18;35
30;2
29;25
17;24
25;42
27;11
0;10
47;16
42;10
39;9
41;6
19;4
47;4
44;38
4;41
34;42
15;48
27;42
6;43
36;35
2;30
40;25
9;7
1;3
33;41
47;32
42;36
1;10
35;41
8;48
5;14
16;35
19;1
0;32
37;2
43;35
48;47
15;0
45;47
36;47
20;48
48;35
12;25
37;8
46;28
39;9
16;19
30;31
37;26
33;5
0;49
38;42
16;3
42;48
5;24
34;1
27;21
34;8
31;15
3;3
30;1
35;32
29;39
30;3
41;18
6;47
4;28
26;42
46;44
48;0
5;32
44;45
4;11
45;6
32;8
37;45
19;30
3;23
37;14
34;36
5;14
4;3
45;25
37;12
1;18
0;36
31;6
28;46
8;38
42;21
14;7
17;25
23;4
35;9
47;2
21;16
8;30
17;34
6;30
19;14
17;34
3;41
32;10
33;41
15;14
13;44
39;20
32;49
26;34
31;25
15;31
38;19
12;27
23;34
35;24
14;18
49;48
27;9
6;39
44;9
6;7
27;23
46;36
40;3
31;30
45;42
9;5
10;8
30;37
49;33
26;32
7;21
46;44
19;16
36;35
6;32
9;49
17;45
49;11
28;18
47;43
13;44
17;1
47;47
9;27
42;10
45;37
29;6
48;33
31;2
10;24
19;3
2;17
14;26
45;23
30;28
32;29
48;41
16;1
31;39
12;44
15;33
17;48
35;23
29;42
46;21
17;48
5;26
29;46
17;29
6;30
25;14
24;29
43;34
44;33
23;17
45;37
49;21
22;2
10;34
11;20
15;32
4;17
42;36
11;15
1;1
47;4
3;10
14;43
26;22
17;41
5;40
25;18
47;29
30;28
23;27
40;39
26;27
37;10
47;19
10;27
43;25
39;15
48;9
47;22
13;43
7;23
2;1
11;48
0;39
10;7
16;38
44;15
39;20
10;43
7;19
41;21
39;41
32;28
4;36
2;25
0;21
41;48
32;1
48;39
30;5
49;11
7;36
35;12
17;44
23;48
33;26
41;2
23;3
4;2
10;17
10;49
24;6
47;35
29;17
11;29
26;35
5;20
28;18
16;6
41;2
0;47
8;14
33;18
44;4
45;10
7;44
8;15
14;3
19;1
5;49
19;37
3;34
44;1
44;17
4;10
16;24
19;34
47;28
39;1
12;22
3;35
15;21
27;49
44;33
25;29
3;32
42;41
24;14
40;25
14;34
41;28
11;30
12;28
11;4
1;24
37;19
31;5
16;41
16;24
21;11
20;29
24;17
10;41
16;29
23;31
21;45
30;26
3;39
36;17
5;11
45;24
33;10
44;41
9;45
31;42
14;44
5;8
32;16
33;48
12;34
24;22
13;36
0;3
13;41
28;2
16;38
46;49
47;34
36;40
19;42
12;25
1;48
30;19
13;41
47;45
44;36
10;27
21;22
19;26
49;44
27;18
39;38
48;31
10;19
3;48
16;24
33;31
18;38
48;32
10;10
17;34
48;33
16;13
27;15
37;29
9;22
2;2
35;5
14;33
22;37
3;11
44;31
23;39
25;46
20;22
28;28
19;9
32;34
26;2
47;29
25;32
2;28
31;1
25;4
49;9
11;43
44;12
43;39
42;9
3;6
2;8
0;19
32;7
19;35
0;45
6;35
12;44
0;30
8;49
47;7
13;9
18;26
38;44
9;31
29;8
47;40
31;49
27;43
1;41
17;34
42;9
31;1
5;3
0;29
29;1
48;10
2;32
12;35
0;20
5;38
29;18
20;19
41;2
5;12
40;35
11;12
2;30
7;25
3;29
9;15
37;45
39;24
10;3
43;46
9;20
49;24
16;31
23;32
45;2
30;23
46;23
12;29
32;39
23;24
42;38
23;19
6;30
18;16
28;33
15;13
42;36
11;38
40;17
45;17
46;28
20;39
10;42
19;43
19;28
26;13
38;46
6;9
7;37
32;10
16;6
17;29
19;23
46;15
5;16
13;7
9;36
26;39
17;29
40;41
33;8
44;17
35;4
24;5
41;40
4;25
36;16
29;45
10;24
40;23
37;15
3;32
11;8
22;34
14;24
31;5
49;16
34;48
35;31
18;41
10;45
7;16
19;5
23;30
17;23
40;46
39;23
40;6
4;3
39;32
11;6
28;4
10;31
40;45
15;14
29;18
15;14
21;23
19;48
0;35
28;48
12;20
1;41
27;35
30;39
45;28
4;19
24;15
40;8
26;45
42;29
31;28
4;28
11;42
29;32
47;30
43;27
42;10
35;12
9;6
43;46
21;5
5;23
11;35
11;48
31;40
2;37
8;39
9;45
27;43
10;41
27;36
46;15
25;34
21;47
45;24
34;45
0;35
9;35
0;35
47;49
1;26
38;27
22;2
49;22
12;7
18;32
17;47
26;8
48;26
34;28
42;0
8;3
29;41
25;33
1;13
24;24
0;44
25;6
41;20
41;10
1;21
7;44
3;43
45;15
12;15
15;9
4;32
36;9
25;15
34;37
48;28
3;39
47;35
34;17
33;12
13;41
18;28
4;44
36;10
45;4
19;28
47;25
13;8
3;22
12;49
25;32
43;39
45;44
34;37
4;39
5;28
25;34
26;12
43;8
34;21
6;41
45;25
5;25
38;19
33;13
20;29
12;39
24;42
31;33
44;5
40;38
38;20
32;16
34;12
47;20
29;31
25;10
20;8
46;37
33;42
1;24
31;6
33;42
29;19
3;6
5;44
30;5
46;16
26;16
45;33
44;45
49;38
17;44
19;25
36;0
30;11
47;5
6;40
42;25
26;23
10;31
20;29
2;41
7;3
12;42
35;31
43;41
26;42
18;46
42;10
20;34
9;24
46;48
16;31
22;3
10;40
6;5
1;30
19;37
24;26
34;17
30;21
2;17
10;18
28;47
14;18
15;35
4;47
22;22
16;37
39;29
49;27
16;32
13;10
4;25
39;21
26;40
40;42
27;44
17;6
10;12
9;47
23;44
17;42
10;4
10;22
43;25
48;35
14;35
34;10
30;36
40;3
31;5
25;19
10;3
8;35
11;13
12;29
28;14
20;33
11;47
39;39
13;9
4;21
13;39
30;33
30;36
17;40
25;47
9;8
27;6
11;26
12;47
39;40
26;35
6;44
4;6
22;43
15;6
31;21
37;4
8;6
1;10
24;32
17;26
24;28
31;5
28;24
7;31
34;25
41;48
7;18
18;32
31;10
33;48
30;29
45;32
46;26
27;33
29;6
0;25
17;42
41;44
21;46
23;27
7;9
5;38
28;25
33;9
1;43
36;6
45;45
18;47
36;4
27;15
28;44
9;43
30;42
31;29
39;6
5;14
40;6
4;40
12;5
20;27
4;31
16;11
49;24
19;44
0;4
0;32
31;25
26;25
8;40
20;0
48;46
30;31
48;28
17;43
21;41
1;42
25;1
11;36
16;11
48;49
30;1
15;21
26;40
28;3
37;37
31;1
38;40
3;13
42;8
46;26
12;34
16;8
42;47
36;20
25;14
5;30
26;21
42;4
16;33
15;48
12;9
46;45
38;41
27;4
14;32
48;32
46;19
48;24
12;25
1;17
8;17
26;25
2;9
34;47
3;5
28;36
9;45
20;23
36;21
44;27
36;12
24;38
44;10
28;25
42;8
1;28
15;26
16;44
33;20
6;14
7;47
48;17
45;36
20;13
45;27
26;36
12;20
5;46
43;47
22;27
31;47
46;26
33;3
35;27
32;0
5;31
1;36
10;2
48;40
39;10
20;22
30;22
37;26
36;38
22;33
18;13
40;30
45;25
35;4
17;4
49;38
36;15
6;7
6;22
1;7
26;29
48;15
37;11
14;5
37;0
7;1
4;3
7;29
8;5
2;40
11;47
13;8
1;31
24;27
2;35
24;31
36;34
25;16
48;4
48;7
22;10
19;47
32;6
40;21
35;25
26;41
14;34
6;0
45;0
46;2
19;12
32;26
3;18
16;9
31;24
24;26
28;26
44;19
12;12
19;15
16;20
14;42
14;27
11;5
23;25
28;14
26;25
30;46
35;34
14;46
39;8
11;20
26;33
40;39
36;45
26;16
33;43
48;29
17;6
43;45
41;43
4;13
22;46
9;32
23;29
49;4
7;28
43;48
34;41
49;11
34;3
33;13
47;4
1;48
9;41
31;4
6;37
22;37
0;18
31;8
33;30
33;11
1;41
33;39
13;36
38;17
41;5
6;35
47;0
41;32
8;28
26;48
0;2
15;40
24;33
47;12
9;23
12;11
28;1
46;22
1;23
7;22
36;1
9;40
2;36
32;43
31;13
16;10
7;10
43;17
15;23
16;4
25;17
35;1
26;49
5;15
38;17
26;49
38;21
35;2
28;11
36;49
43;29
5;9
43;42
22;41
41;21
28;5
42;38
24;19
45;4
5;22
1;10
11;8
25;14
48;36
23;36
49;39
2;34
23;12
2;6
2;31
37;3
33;27
2;6
28;29
6;47
33;35
12;37
23;28
2;39
5;4
9;10
6;21
35;18
6;35
16;26
47;4
43;36
0;6
26;28
49;26
41;19
43;36
30;21
47;38
7;39
35;0
18;47
35;32
18;15
20;19
48;27
39;17
36;26
9;36
9;31
9;41
7;46
17;11
32;17
30;13
16;5
10;44
35;41
48;44
48;17
27;29
25;43
15;37
27;42
44;44
36;42
37;23
20;35
9;14
1;19
3;26
5;42
41;23
2;48
7;36
8;29
41;12
21;48
8;1
46;39
7;42
32;18
38;16
26;21
3;40
18;16
49;9
20;26
31;12
24;30
27;25
21;21
7;25
43;3
17;15
10;37
33;49
44;28
3;41
43;28
11;25
48;42
42;19
44;6
0;17
9;1
2;48
36;18
32;25
31;25
7;42
5;39
16;0
22;6
13;33
23;11
22;45
13;11
32;36
21;31
12;31
32;40
7;37
0;39
49;30
29;1
32;2
21;10
29;9
20;35
10;1
35;28
26;29
27;11
28;32
3;2
16;45
24;5
24;11
24;25
5;37
30;44
35;24
3;34
11;26
48;31
24;39
27;41
6;3
5;49
15;9
35;33
33;27
23;41
47;48
2;27
9;25
38;42
36;16
43;49
27;14
41;48
41;22
34;38
18;6
17;20
22;2
27;7
40;20
31;35
11;15
41;23
29;34
6;9
2;4
19;25
8;30
5;38
18;17
5;19
22;40
49;31
44;27
35;19
46;46
45;44
29;32
44;37
21;21
23;15
45;26
12;21
8;40
38;13
22;44
38;2
5;1
39;13
15;45
15;4
8;25
5;43
46;21
29;13
17;46
6;34
3;19
11;14
11;30
17;16
49;14
6;27
17;40
39;17
7;20
0;15
0;13
3;48
23;33
7;47
22;5
10;17
38;6
18;43
11;49
22;2
8;39
30;22
15;32
26;6
28;27
18;41
17;17
5;15
35;48
5;34
44;27
9;46
11;20
4;12
44;17
27;8
29;48
38;34
32;38
28;14
42;41
21;43
14;30
48;0
1;13
35;45
36;33
11;38
30;7
44;4
5;48
48;8
39;40
17;32
22;47
29;34
12;14
1;8
10;6
49;34
25;47
24;21
44;39
3;26
33;35
23;29
31;28
43;8
3;3
23;7
25;43
41;15
20;29
24;37
25;34
16;28
32;5
22;25
10;21
35;0
4;6
27;48
25;34
22;49
4;41
12;21
41;22
27;1
18;45
33;38
1;49
32;21
38;32
16;5
38;21
31;15
46;42
16;1
6;37
9;7
5;19
47;7
36;14
34;17
32;2
24;29
39;10
21;5
25;38
39;17
15;15
1;5
29;32
41;39
36;10
30;15
12;24
36;43
48;41
38;9
7;48
22;32
27;7
28;38
0;17
12;41
25;25
48;4
14;27
17;13
33;17
44;30
12;8
2;42
39;0
46;12
12;1
38;43
6;3
28;14
38;5
19;48
46;44
3;38
26;26
13;30
0;13
35;16
27;11
19;28
15;35
9;22
31;49
45;13
42;38
22;34
18;14
32;7
13;1
43;1
5;21
1;12
10;34
49;0
14;39
41;12
29;42
2;32
41;27
41;7
21;24
31;32
15;37
22;11
33;28
34;33
27;5
31;18
40;26
44;7
10;42
2;36
40;39
40;10
10;34
11;21
37;9
24;19
29;7
20;10
25;10
1;5
4;46
40;14
36;36
17;8
22;13
8;30
35;13
44;19
25;2
45;3
20;46
24;18
37;45
21;45
19;3
37;23
24;17
14;45
5;27
49;9
20;1
0;16
40;24
22;28
5;39
45;45
21;27
34;2
30;3
42;5
25;45
45;35
49;47
40;42
5;8
33;38
44;40
45;9
42;38
14;47
44;31
6;15
6;9
40;21
47;0
28;47
4;32
1;16
17;27
16;19
12;16
18;2
21;36
37;6
25;15
18;40
42;34
16;14
34;39
13;7
35;42
24;42
31;3
39;36
29;13
10;11
17;16
44;22
8;15
2;15
45;45
37;29
41;30
42;36
26;4
1;23
28;15
27;22
35;36
41;18
41;44
49;42
39;17
18;23
2;5
8;26
17;26
22;8
21;21
49;15
6;26
48;30
1;13
23;6
12;10
22;44
21;42
10;13
31;28
48;46
39;15
16;29
43;35
10;12
8;29
6;8
46;1
29;13
3;0
17;42
45;14
23;9
15;43
49;7
36;49
23;3
22;12
15;1
17;26
47;37
28;15
2;13
43;11
30;6
14;29
5;26
31;4
28;18
27;23
47;15
32;32
10;30
26;45
18;5
35;26
26;24
41;46
13;31
18;13
44;33
14;39
28;44
9;28
24;9
31;28
1;19
18;13
47;47
43;36
44;26
34;39
26;20
12;23
13;23
42;40
27;13
22;31
49;34
15;34
40;38
2;22
23;38
15;6
5;21
38;49
37;45
3;12
38;46
3;20
25;8
0;22
45;25
11;18
48;26
7;17
28;38
13;29
32;25
22;9
19;3
45;11
5;3
48;39
35;43
26;3
1;39
37;29
29;15
7;43
39;9
17;32
1;16
49;29
33;2
24;16
8;7
39;11
29;1
11;36
30;7
38;23
9;47
13;41
23;42
32;26
40;47
48;39
36;17
47;13
24;36
23;26
6;32
35;15
16;5
20;28
20;21
17;8
30;48
42;26
37;36
35;20
37;47
42;21
28;40
0;16
27;19
38;27
21;19
35;31
41;31
28;28
33;42
36;5
34;48
29;32
32;23
36;42
37;17
1;27
36;49
26;20
14;25
6;5
23;12
36;39
17;43
22;23
30;38
9;30
31;24
44;30
9;8
18;1
49;31
11;41
23;6
46;31
21;6
5;44
46;21
14;27
16;43
1;33
41;12
20;11
20;38
29;19
4;1
22;5
15;42
2;41
29;39
25;35
33;38
16;36
25;12
15;12
32;17
29;37
16;31
1;1
17;15
12;0
42;31
19;47
39;25
37;38
36;9
4;6
12;0
38;5
16;28
24;21
15;32
35;15
49;33
38;9
3;10
34;19
38;4
4;21
47;2
30;33
22;20
2;18
10;45
39;2
13;43
14;15
20;7
23;36
34;23
16;6
13;37
31;12
18;22
43;19
6;29
45;36
46;35
17;0
29;38
6;22
40;21
5;21
34;15
49;31
47;48
1;44
8;43
13;17
13;48
11;2
18;11
23;18
32;24
48;20
24;43
4;0
20;20
2;21
46;24
24;46
19;1
41;12
10;23
38;8
30;44
15;0
9;24
49;13
1;29
17;48
16;20
30;18
32;9
36;22
28;28
49;46
40;19
7;7
17;47
8;37
2;34
8;49
7;37
11;23
17;28
31;12
31;33
28;30
13;39
42;18
12;3
42;28
46;16
36;33
7;1
16;11
18;26
25;1
46;40
26;27
22;28
20;32
1;8
20;47
46;16
31;5
41;5
32;17
0;24
12;44
30;48
0;13
30;39
47;25
11;33
20;25
30;27
27;19
6;23
11;44
4;9
16;7
14;17
2;19
11;28
32;14
48;46
0;3
15;15
2;33
7;1
32;6
45;21
4;39
40;46
28;25
34;11
19;26
35;44
29;45
29;32
4;8
3;31
33;5
37;22
22;28
15;26
7;17
46;49
29;25
6;6
9;49
37;20
38;11
0;24
30;44
39;18
16;14
6;9
9;24
8;40
15;23
11;15
16;22
35;28
8;11
39;1
15;35
46;2
14;0
21;7
16;7
43;4
25;23
45;38
34;46
40;13
32;44
10;7
25;43
23;34
45;37
19;9
35;28
5;17
33;26
43;43
24;12
47;13
22;45
36;45
37;19
48;23
16;21
48;15
24;34
44;2
22;16
25;33
15;19
31;26
34;45
48;29
28;36
6;37
39;38
34;28
11;49
48;30
0;13
11;37
13;47
39;29
3;19
4;41
42;47
29;29
32;5
45;7
33;30
40;41
19;25
49;29
43;12
34;12
8;19
12;20
35;18
21;37
16;20
1;0
24;10
12;35
16;38
37;18
15;5
29;27
27;17
22;2
47;28
6;7
10;5
33;9
8;37
18;1
45;22
33;0
8;47
18;45
44;24
14;22
19;34
4;17
14;11
15;20
37;0
24;27
17;20
9;31
47;10
31;4
27;45
29;40
1;21
2;13
47;39
21;36
9;32
8;37
13;41
14;16
22;12
44;17
35;23
14;11
45;13
45;22
42;32
10;45
45;6
14;25
25;1
7;31
12;47
39;39
7;42
27;0
28;31
27;30
7;45
34;17
40;10
15;32
18;43
3;4
44;14
20;48
22;48
18;49
13;15
17;20
42;9
28;40
36;25
32;7
25;7
10;8
14;34
33;12
33;13
0;7
42;41
2;39
20;22
49;33
23;31
27;37
36;25
15;3
1;27
39;19
22;21
28;41
17;1
17;26
48;36
1;1
9;46
1;39
49;46
22;19
36;44
1;25
3;5
35;29
39;32
39;9
34;16
4;38
8;23
28;33
6;24
45;6
29;23
15;24
14;43
44;33
29;3
5;1
21;23
8;45
39;14
16;21
32;39
23;14
31;3
31;15
2;46
43;21
49;13
37;7
15;9
49;15
23;11
36;22
32;9
30;45
46;17
28;19
40;4
8;19
0;47
23;40
46;43
3;17
11;47
33;0
29;42
23;0
20;22
49;28
4;27
31;27
14;39
29;14
8;23
1;23
25;3
48;5
29;11
12;17
31;18
15;33
9;48
5;3
41;21
9;41
25;35
12;41
26;41
25;13
46;17
11;44
47;20
13;23
22;20
32;40
44;36
5;7
33;39
41;21
49;19
8;20
6;31
16;44
9;25
15;31
5;32
38;18
44;41
12;10
39;31
19;15
20;38
17;37
23;6
42;40
28;26
45;13
22;3
2;29
20;35
22;30
25;26
47;2
43;34
17;16
24;2
26;46
42;42
15;42
49;40
36;1
46;11
15;30
25;48
15;34
6;25
16;20
46;17
16;23
13;34
10;9
47;48
33;16
39;8
11;45
17;38
38;25
14;14
49;46
19;27
6;5
11;0
25;38
43;34
6;31
7;25
34;49
17;42
27;24
11;0
13;1
42;19
23;12
15;49
3;40
33;40
44;36
41;13
35;9
15;5
12;46
34;24
44;24
49;36
47;41
20;27
3;22
3;26
17;41
0;13
1;31
18;48
0;25
25;23
29;6
28;10
26;17
42;30
26;17
42;10
5;23
16;45
13;24
15;30
45;31
36;47
35;23
19;39
1;33
6;26
41;48
6;13
14;44
45;8
32;16
26;37
33;23
21;25
1;10
38;40
9;25
8;27
48;21
29;6
19;42
17;10
0;36
30;0
9;13
25;39
17;1
7;26
25;38
15;12
25;44
27;48
27;9
49;45
14;31
3;20
32;14
34;46
23;31
18;21
8;10
0;17
46;14
25;31
48;38
39;21
39;29
12;45
12;24
12;37
11;43
11;38
5;7
31;48
2;32
41;22
1;40
45;17
29;32
6;26
45;42
19;36
10;43
13;28
6;47
32;43
33;18
44;28
14;35
2;39
2;37
47;48
36;14
0;2
35;10
27;24
45;38
0;15
12;42
16;20
49;36
40;22
34;49
40;34
24;5
5;22
14;24
3;12
35;27
5;20
49;49
36;15
43;39
15;10
21;19
12;25
43;40
24;26
10;43
26;41
46;14
4;22
45;27
16;8
2;15
31;39
30;38
28;7
44;30
6;18
5;15
8;36
27;17
3;1
2;1
42;20
3;9
7;16
37;46
33;39
23;39
37;44
26;22
29;33
46;11
0;36
37;25
34;19
6;5
28;11
7;23
8;31
23;24
42;42
42;37
14;0
47;3
38;3
6;19
32;15
27;16
17;15
29;44
41;13
3;41
19;3
2;28
35;32
30;17
39;19
29;16
21;26
5;18
29;18
48;1
0;19
5;14
10;48
35;21
19;21
32;47
45;41
23;3
19;18
13;32
10;4
36;1
6;21
41;40
43;24
12;15
18;40
17;41
42;21
10;27
14;45
40;2
21;18
34;43
14;43
6;13
5;16
26;2
41;34
13;31
15;19
48;15
46;8
16;15
13;21
25;6
4;13
34;22
48;14
33;35
25;36
29;17
21;19
23;44
48;17
42;21
40;34
19;33
43;23
33;29
21;29
44;17
45;48
37;12
10;32
18;6
33;18
43;21
9;48
40;33
26;8
26;26
42;48
14;2
20;49
22;9
38;18
23;0
27;28
27;4
13;29
29;18
4;35
4;35
31;14
17;49
44;46
47;16
20;8
22;40
7;22
24;33
24;30
27;7
19;19
34;32
23;38
3;25
30;32
40;39
15;5
3;46
16;26
4;20
35;11
1;49
9;3
13;15
44;32
38;0
39;31
25;16
21;1
9;22
4;26
30;15
34;33
45;0
44;48
39;18
46;24
3;31
43;38
45;0
38;24
20;25
39;26
7;42
0;33
15;47
14;9
29;45
35;45
43;30
23;32
4;30
45;10
32;21
19;9
18;49
36;2
3;27
32;36
48;23
38;25
17;33
10;43
7;29
4;42
42;32
28;43
43;16
34;40
39;13
0;5
12;22
41;31
46;8
16;13
17;1
29;5
29;1
7;14
2;37
8;18
41;4
49;24
46;22
14;22
41;3
4;43
6;5
43;20
3;44
1;17
49;17
12;29
36;31
6;12
20;31
43;43
49;48
33;28
15;42
20;18
4;25
47;41
6;10
22;15
13;35
45;47
39;3
20;20
25;16
35;7
13;7
23;1
0;11
4;19
42;13
19;25
42;36
14;13
39;11
38;42
7;13
3;20
8;37
8;3
0;9
11;47
7;26
25;16
15;28
6;36
18;29
46;27
5;28
32;0
49;30
1;33
12;46
0;37
40;20
25;9
33;7
23;8
34;19
49;25
22;36
37;9
8;38
7;40
46;48
12;4
26;3
23;27
0;1
46;26
47;31
35;7
6;13
31;18
20;19
35;24
48;35
43;30
25;11
0;33
42;25
34;22
17;39
15;37
14;29
36;6
6;9
10;11
16;44
0;41
27;24
5;17
32;25
29;48
31;20
24;15
17;40
30;47
15;34
39;39
41;34
39;45
21;28
41;40
26;46
29;42
5;14
38;19
47;42
19;24
39;9
26;37
34;24
39;34
47;39
15;40
44;18
17;30
28;24
5;38
4;42
46;1
43;14
26;36
43;30
12;40
20;13
30;26
39;31
3;33
23;29
7;11
40;17
10;42
29;3
26;15
9;42
31;25
46;34
16;18
16;28
5;21
16;46
5;46
44;46
15;45
38;31
28;14
41;26
3;24
35;44
19;4
42;27
1;13
35;18
23;36
23;49
31;6
38;25
14;31
11;47
11;32
33;45
33;29
43;30
13;15
9;28
27;32
15;28
48;31
20;0
37;16
2;43
9;45
43;17
23;1
15;30
24;35
25;41
48;46
21;36
13;23
16;2
21;22
8;19
41;9
10;5
2;46
25;7
11;20
42;27
46;7
25;49
31;40
6;45
43;48
1;31
25;42
19;14
42;43
12;46
15;16
41;25
4;33
5;35
44;27
35;3
37;14
13;25
39;7
13;0
48;40
1;13
33;47
26;43
20;24
20;38
16;38
43;12
15;6
6;47
5;38
13;29
38;33
29;1
30;42
48;35
43;47
25;20
4;6
42;37
28;31
41;7
29;48
40;10
46;21
46;44
13;23
5;8
16;43
10;25
36;44
6;34
37;46
43;3
38;29
18;0
41;17
29;48
40;49
45;20
34;27
10;36
38;4
30;0
7;38
35;23
37;44
28;23
10;1
23;35
27;38
18;12
33;9
24;49
10;33
7;46
27;28
14;32
21;45
37;41
42;20
35;4
18;12
8;2
8;0
46;46
17;42
39;9
46;3
45;16
28;45
30;5
8;28
3;32
16;43
8;13
48;27
46;36
48;18
49;28
7;48
44;35
23;43
19;18
42;15
42;31
7;7
1;34
3;17
21;34
29;9
37;27
8;9
28;1
35;31
34;36
2;7
40;43
7;32
15;23
11;44
21;16
26;48
16;27
40;0
21;11
34;42
7;32
20;24
28;10
37;30
44;48
14;31
20;12
9;47
47;24
28;38
25;47
15;6
30;5
28;8
3;0
40;35
42;35
24;6
27;20
10;36
29;11
1;7
3;11
16;31
42;9
38;49
19;18
20;24
24;25
15;20
31;28
47;18
48;3
10;45
33;11
45;42
45;39
41;0
26;46
31;19
1;40
5;49
36;16
22;43
33;4
2;36
16;36
4;14
39;20
23;44
15;38
43;22
14;29
23;45
15;18
27;17
4;13
37;43
30;37
48;16
13;34
11;5
10;33
6;39
3;42
34;47
2;49
38;33
6;13
43;41
38;11
28;34
24;11
3;28
10;45
0;7
22;22
28;28
47;12
22;36
27;7
7;41
12;6
40;18
13;37
44;0
2;24
38;21
13;20
35;45
21;43
47;42
17;17
13;29
38;34
30;7
3;2
48;33
15;19
34;44
17;10
2;23
30;47
34;49
14;15
34;12
32;28
29;33
14;34
25;24
25;41
45;0
14;37
28;31
29;37
24;17
8;28
33;42
32;16
37;23
34;48
25;15
1;8
27;16
15;49
12;4
5;4
44;31
10;7
28;33
33;3
9;28
41;6
17;47
36;49
32;4
41;4
26;18
45;38
1;17
14;23
35;47
43;3
25;7
29;21
49;26
35;30
42;45
46;26
39;0
5;23
38;42
3;26
25;36
49;31
8;6
48;13
32;0
34;48
9;38
21;6
38;23
42;46
41;47
16;1
18;24
4;1
8;29
18;15
11;29
36;22
4;37
10;1
42;25
11;13
37;31
46;40
39;24
1;32
17;12
15;40
32;14
41;23
22;37
21;5
4;42
22;11
34;13
23;21
13;37
12;26
21;45
3;4
6;17
17;47
30;21
34;23
17;26
8;31
39;49
31;14
7;25
2;23
48;9
30;29
32;39
25;48
42;24
17;4
39;17
44;46
8;23
47;37
6;17
34;26
35;11
42;20
44;20
3;37
19;12
49;24
44;39
49;39
32;43
19;32
3;34
49;46
8;17
21;0
29;14
20;18
48;2
24;41
40;14
19;49
44;0
12;24
21;11
3;4
27;24
22;38
13;9
37;42
5;17
44;38
35;14
3;39
47;46
17;31
40;29
45;41
29;40
42;29
22;16
47;45
34;37
41;5
24;39
7;47
20;6
11;46
13;29
11;19
45;7
10;20
40;1
9;35
4;14
3;39
9;43
44;29
4;31
7;14
32;28
2;34
26;28
15;40
36;6
40;29
22;46
8;7
42;32
36;34
40;48
41;4
13;9
19;41
26;43
30;22
47;42
32;16
10;7
26;22
32;24
2;14
16;47
12;1
46;43
11;5
32;18
42;8
0;44
24;13
31;2
9;14
1;19
7;30
48;47
34;12
39;19
2;3
39;37
6;43
2;3
44;6
3;15
33;19
47;7
27;9
8;41
8;9
24;40
11;44
11;11
17;16
37;16
32;35
37;24
39;5
14;38
16;16
37;44
1;32
18;14
33;46
1;38
5;32
7;14
29;47
10;5
2;46
3;38
22;12
38;44
12;36
31;24
45;9
4;32
12;47
27;4
11;43
47;17
30;31
11;39
10;44
38;18
41;5
10;13
36;15
9;11
19;49
33;36
34;46
35;36
10;13
29;22
47;5
6;10
45;6
23;10
7;2
36;20
14;24
8;2
22;13
35;24
7;28
31;26
22;6
10;10
10;7
45;27
39;20
45;12
47;49
10;10
17;47
41;35
43;46
6;11
38;25
48;49
48;31
47;44
43;31
33;16
14;10
27;31
38;48
7;46
8;21
2;44
33;22
12;27
48;32
1;28
16;39
3;38
32;11
24;15
42;24
8;17
19;14
25;24
14;31
38;31
33;24
24;26
17;10
2;2
22;3
29;13
12;5
4;26
32;10
28;42
45;34
11;34
43;34
21;30
24;18
8;10
47;47
32;34
11;37
23;31
29;1
11;7
42;14
42;16
15;4
25;48
8;0
6;2
36;2
16;17
41;46
43;36
18;42
37;1
10;41
3;44
21;4
36;16
39;32
30;30
11;1
36;5
16;39
11;12
38;24
31;12
7;27
42;20
38;14
27;10
11;28
30;27
32;27
8;26
23;17
37;42
34;36
39;0
12;10
48;48
42;15
8;16
10;43
44;6
45;35
42;36
12;26
31;30
28;16
44;16
33;47
4;32
36;29
18;9
42;10
10;18
17;46
12;32
48;23
30;8
43;18
3;1
24;45
8;13
31;5
31;2
40;9
2;40
0;29
27;23
48;22
36;25
3;36
14;3
7;22
27;0
26;43
32;14
48;12
49;15
26;39
22;14
30;7
27;32
19;21
17;45
31;19
8;19
13;3
42;32
39;6
8;29
25;29
36;32
2;14
2;26
13;5
23;3
39;43
33;21
29;47
13;14
47;11
26;18
3;15
49;44
35;9
24;16
13;35
28;4
41;21
5;7
4;8
42;21
16;30
19;49
4;2
44;27
44;6
22;45
48;46
6;45
42;40
19;7
14;24
1;4
34;18
35;12
22;37
25;16
37;9
44;27
46;33
18;27
4;27
35;38
25;3
48;11
14;16
23;10
38;3
46;15
0;39
30;19
12;33
8;24
44;33
19;31
8;31
21;35
17;7
44;20
20;33
16;3
27;42
17;18
47;41
2;25
48;11
32;7
4;6
9;22
17;29
9;6
38;25
42;6
10;35
47;20
28;8
25;29
43;13
9;6
49;13
33;8
27;22
13;20
4;9
33;40
12;5
5;18
23;7
43;42
11;22
25;36
49;12
45;33
7;5
6;31
2;33
39;10
7;15
47;13
18;0
37;22
11;39
21;0
38;28
1;1
31;33
49;22
1;37
48;6
49;17
23;17
41;25
9;21
30;28
7;20
34;42
30;39
11;37
17;18
11;35
28;38
48;3
39;39
45;46
18;23
3;34
15;30
27;34
6;47
33;17
31;39
36;39
23;33
45;34
4;43
12;46
19;39
30;42
22;28
15;46
13;13
33;31
40;21
17;19
20;18
43;30
10;0
0;24
33;31
47;31
39;34
38;24
21;26
7;6
19;37
16;16
16;30
5;4
44;10
19;16
46;23
14;12
25;27
10;17
32;26
42;19
46;48
40;9
10;43
5;18
35;18
30;36
4;6
37;48
16;12
27;33
4;49
1;16
2;2
49;5
37;49
10;40
24;11
39;29
33;39
32;28
44;30
31;49
17;16
16;2
22;13
20;37
10;19
27;21
22;46
48;40
12;20
21;7
27;2
13;34
46;27
16;35
0;19
13;33
41;3
6;10
35;11
18;34
43;41
3;34
11;10
43;19
36;36
16;34
4;10
31;12
3;11
4;4
22;47
24;40
40;46
28;28
13;7
32;10
27;5
9;17
18;48
47;39
5;46
30;42
4;26
6;43
2;36
42;30
39;1
25;33
33;35
7;19
10;34
44;25
37;37
1;5
36;8
36;46
36;6
0;31
8;20
32;35
46;48
24;32
36;13
43;36
13;19
31;7
32;23
48;10
16;10
43;39
35;11
9;18
26;41
35;14
47;47
28;18
46;41
43;29
49;5
14;28
11;44
36;20
38;20
45;14
47;23
4;3
15;30
5;14
26;24
28;45
7;5
30;23
5;22
48;37
23;14
33;0
15;29
15;13
27;7
0;22
49;45
9;44
20;10
10;45
24;14
26;28
25;25
8;21
36;17
19;16
47;24
14;8
40;38
48;40
41;26
38;16
18;30
11;13
6;5
41;19
36;39
48;43
15;29
23;17
35;12
36;37
27;10
20;31
29;42
30;22
38;33
34;47
41;49
40;10
23;37
45;39
4;26
48;25
34;30
8;38
34;38
25;46
35;30
14;44
26;5
4;47
16;25
8;42
25;48
14;43
3;20
32;16
17;33
19;46
8;15
12;10
13;15
6;45
32;15
10;32
38;4
37;33
18;27
23;13
18;24
8;47
35;4
46;26
8;32
12;21
36;36
48;21
6;9
29;32
6;49
6;38
25;41
16;19
20;8
17;44
32;26
21;40
35;49
8;5
9;30
13;15
31;36
17;38
26;32
46;32
1;12
13;27
32;34
44;19
21;13
40;40
0;5
30;33
18;37
49;43
15;31
49;11
0;0
19;2
37;19
8;45
43;2
36;24
6;3
22;40
33;47
36;29
27;11
26;13
42;44
20;10
12;11
22;4
14;22
41;39
4;28
34;37
40;3
4;37
3;32
39;5
6;40
20;3
0;32
13;48
48;10
45;22
4;49
21;41
25;5
19;3
14;29
42;30
46;39
14;9
5;26
16;16
38;48
38;42
33;8
44;0
40;26
38;46
23;12
40;41
1;25
43;33
40;38
16;14
17;42
1;3
39;28
21;44
33;44
48;20
22;37
32;38
40;15
11;49
17;11
48;25
31;1
12;3
29;43
39;39
47;48
10;11
34;9
18;16
47;1
28;45
40;49
22;9
18;37
4;5
42;21
4;14
5;21
19;1
31;2
49;39
37;21
31;20
16;35
24;1
49;17
12;17
22;34
41;15
40;32
36;20
48;36
26;25
39;13
45;8
18;40
38;42
19;39
7;8
21;30
35;43
12;26
39;15
16;16
25;36
19;47
40;29
13;3
47;12
48;24
0;2
6;34
30;17
1;9
25;10
49;31
14;44
16;28
20;47
9;5
41;16
29;37
11;18
22;23
21;0
19;10
22;43
17;14
47;47
15;3
36;41
32;29
24;26
42;9
41;7
35;48
28;13
16;6
11;16
21;0
29;6
34;31
10;16
31;47
3;2
7;45
1;37
26;14
0;45
44;25
12;35
35;38
5;46
17;39
47;25
28;38
42;45
37;12
46;20
4;31
16;8
22;49
5;24
30;27
0;29
17;24
18;3
40;6
7;47
7;33
33;27
9;39
19;32
20;35
46;11
7;45
45;40
5;26
43;36
38;3
37;27
8;46
13;35
47;4
6;15
2;32
1;14
45;14
3;35
13;29
42;30
31;34
12;40
39;32
6;35
37;23
25;37
49;16
40;27
27;41
37;23
24;1
44;24
28;2
35;2
20;1
44;39
48;21
39;34
16;37
38;0
11;6
15;16
43;24
44;30
8;40
9;43
46;33
13;1
17;3
2;3
30;20
13;16
1;31
6;37
13;18
35;34
41;7
12;46
9;14
6;27
36;14
22;30
18;21
11;44
42;46
5;9
37;40
45;41
22;33
38;43
42;25
36;21
49;15
6;25
31;46
34;46
8;40
35;5
38;30
31;9
14;18
47;10
30;33
7;34
20;8
46;17
14;3
26;38
8;20
19;13
13;3
41;12
10;25
11;3
39;28
37;15
4;11
8;35
19;37
38;36
9;43
32;40
9;42
27;26
13;49
5;22
32;40
37;30
48;33
28;37
40;44
12;16
34;4
33;3
8;47
14;34
25;38
1;7
3;4
33;31
47;43
7;9
13;27
35;17
29;48
0;39
30;8
5;39
11;46
16;7
2;39
46;46
39;26
26;27
38;48
31;5
13;14
44;1
0;35
35;46
26;30
46;10
30;18
6;44
48;12
37;48
20;41
36;19
43;31
48;37
29;42
21;4
20;44
49;3
11;47
19;9
44;43
41;0
47;32
44;35
47;10
37;21
17;0
21;5
46;7
38;27
36;36
29;26
47;14
34;36
39;7
41;35
10;22
6;41
47;29
33;3
7;40
44;48
49;32
12;10
0;25
40;28
9;23
27;41
49;13
28;30
34;25
48;38
17;23
7;6
11;45
15;15
20;17
0;45
42;9
4;8
13;34
20;25
17;20
24;7
3;18
42;21
7;45
42;11
42;15
26;36
3;29
0;49
42;8
9;16
48;36
28;30
28;27
26;4
20;33
2;21
2;7
27;39
8;44
19;30
4;28
32;25
24;42
19;9
10;4
15;10
31;18
23;11
22;18
13;24
38;24
45;37
0;16
16;10
29;39
12;38
37;10
7;20
23;44
43;48
41;47
41;45
40;0
3;41
13;26
25;20
23;18
1;37
20;8
26;9
10;35
39;13
36;35
49;35
25;5
9;2
4;30
29;10
13;29
12;19
20;36
31;48
33;40
47;16
47;23
36;44
26;27
1;21
6;44
3;22
49;49
37;43
16;31
9;8
42;12
9;25
36;4
49;8
19;19
31;43
39;20
15;21
43;41
23;12
2;2
28;32
19;9
12;14
1;14
7;35
21;25
19;47
48;32
27;45
34;17
42;45
42;26
24;32
21;44
20;49
41;13
25;0
2;48
2;11
26;33
36;21
26;15
20;26
49;32
23;34
24;48
16;24
1;39
8;31
18;30
9;45
34;22
38;10
24;17
40;15
34;11
21;38
11;29
26;31
24;26
35;15
6;6
19;49
11;49
25;43
3;38
17;13
10;48
9;14
14;4
40;20
19;39
2;49
40;18
0;39
45;36
43;12
9;46
38;41
10;15
21;28
41;3
23;29
38;41
17;34
13;13
32;31
32;30
44;27
9;35
8;25
37;30
1;2
12;49
17;2
12;30
14;19
39;18
3;20
4;17
31;11
20;41
8;34
44;25
14;32
18;22
48;8
11;16
1;20
35;6
39;13
47;31
18;41
12;5
42;38
24;26
14;11
10;1
47;14
13;47
12;2
34;9
43;49
12;39
48;13
34;36
13;27
0;31
27;24
26;0
26;10
48;23
15;17
36;16
35;22
33;6
34;3
41;45
31;33
7;23
16;38
23;47
40;12
30;42
17;24
10;29
7;24
48;27
10;3
28;43
7;17
34;25
15;46
17;28
49;10
44;31
48;46
11;10
7;36
36;3
18;20
3;37
21;23
3;9
8;7
1;28
3;34
46;32
44;21
8;24
3;19
13;24
47;32
34;26
29;19
40;34
15;45
37;40
11;11
48;6
39;25
28;34
2;12
43;28
8;24
12;21
15;39
18;46
6;8
45;34
19;48
47;0
39;27
31;2
44;1
3;39
23;33
5;4
5;42
45;31
23;24
40;41
49;26
0;10
31;21
23;6
43;32
16;45
24;18
16;11
18;1
37;42
42;42
24;12
36;32
25;10
48;49
16;40
30;0
16;34
25;28
29;38
0;34
36;37
47;44
35;33
28;28
35;11
49;44
16;22
1;45
2;36
27;32
15;18
12;38
18;20
44;39
9;39
26;0
8;42
42;1
38;24
24;19
41;45
32;8
8;6
37;7
23;9
0;9
38;15
7;6
3;28
37;30
44;2
30;44
30;19
15;21
37;0
44;41
13;29
8;10
44;25
36;22
35;6
45;3
45;35
40;31
37;32
10;14
18;14
36;18
22;28
10;2
20;9
19;1
25;39
0;24
25;5
5;38
18;43
20;45
31;12
19;49
20;41
0;9
14;27
11;9
6;34
7;12
5;38
6;27
39;14
3;18
14;25
34;28
23;42
36;21
14;49
48;31
33;11
26;24
5;30
28;7
28;13
22;7
21;38
28;5
31;14
34;28
21;13
0;28
40;39
22;37
9;3
1;35
7;11
45;41
20;1
24;6
28;16
42;16
5;38
39;1
39;32
11;7
33;40
39;4
5;12
31;8
20;2
2;46
31;42
41;10
36;12
30;45
46;28
44;23
4;26
17;32
34;4
43;16
33;20
12;22
40;8
34;0
4;17
11;4
49;8
19;44
3;18
40;34
39;17
11;39
44;9
29;23
47;0
17;11
39;30
19;22
22;30
5;4
30;36
6;0
46;33
17;38
23;22
4;40
3;48
24;35
41;46
40;47
4;14
17;21
48;5
6;15
13;13
4;15
2;2
18;11
11;24
21;28
10;30
9;4
15;25
28;43
19;19
6;7
31;4
0;48
12;48
10;27
32;36
39;7
21;28
13;2
29;24
35;8
4;5
9;48
39;43
3;35
36;49
38;15
10;33
7;28
3;5
10;13
47;22
47;9
14;27
43;36
42;21
38;0
49;33
17;17
12;2
6;46
46;10
18;37
11;1
31;5
48;35
41;14
44;27
48;31
2;39
15;25
19;5
47;1
22;11
21;1
21;7
48;31
12;31
13;46
35;19
32;5
9;10
6;14
12;3
11;2
4;18
32;45
25;46
33;35
41;19
9;42
39;29
19;14
3;26
29;42
22;31
21;7
43;15
31;11
42;14
29;1
2;30
48;39
35;33
48;34
45;34
13;25
15;45
20;10
3;15
44;15
5;12
38;20
37;13
3;23
45;48
27;26
48;27
26;27
32;12
13;35
32;45
0;1
28;44
23;0
13;3
0;24
28;27
34;10
8;33
33;16
0;45
32;7
25;39
1;9
32;33
39;29
49;30
40;47
14;48
38;13
41;19
18;2
16;19
39;23
42;7
18;39
27;5
6;36
40;19
39;46
30;40
1;33
40;10
43;36
39;6
24;47
41;37
11;4
16;44
39;8
0;22
45;43
6;14
23;31
34;13
48;0
24;35
17;2
34;4
18;9
5;6
27;24
48;20
26;32
14;5
12;35
8;1
36;6
40;42
8;16
47;6
33;4
33;23
15;0
37;13
47;2
35;36
26;16
35;13
23;6
3;31
16;2
12;35
28;12
1;36
16;27
12;4
27;30
17;11
20;6
5;40
17;10
37;25
36;5
1;17
28;33
3;1
37;24
11;19
4;0
47;11
2;14
47;0
46;16
35;5
46;45
39;34
16;27
6;19
46;39
21;12
22;44
5;17
33;40
19;43
19;0
34;3
33;36
41;43
35;21
47;48
17;38
15;20
1;33
31;31
0;3
17;28
22;35
8;39
24;12
23;20
30;31
37;1
38;43
31;32
18;38
3;42
20;16
32;41
8;6
41;14
15;26
35;42
12;32
17;41
46;11
17;22
8;18
36;19
10;43
15;37
1;12
8;9
11;2
11;14
10;42
0;45
24;24
36;43
19;42
43;29
4;32
31;17
0;23
17;37
42;19
40;13
3;0
45;39
21;47
23;48
38;34
22;48
17;6
19;38
4;38
40;14
43;27
8;45
26;26
18;36
5;49
32;9
27;32
45;19
4;44
35;31
32;47
20;13
27;41
23;29
36;4
9;3
19;11
20;36
43;11
25;39
25;40
7;34
17;35
34;30
47;43
42;41
28;13
2;46
35;36
48;13
49;36
8;18
37;21
34;6
4;41
35;28
37;10
12;39
47;36
18;27
35;24
2;48
11;21
45;18
38;12
26;48
20;4
18;14
10;26
16;7
24;32
48;47
8;17
45;35
38;25
3;30
10;16
0;13
33;28
7;49
15;30
17;13
5;37
46;33
35;46
17;41
6;11
13;18
12;15
40;15
11;19
49;39
12;11
12;7
10;28
31;20
30;30
12;15
33;41
23;37
11;27
46;49
41;43
10;42
47;36
5;30
40;47
47;19
2;40
33;18
9;4
12;7
23;24
4;44
33;49
47;40
22;30
23;34
38;21
29;20
24;17
33;3
19;49
7;26
42;17
21;22
21;13
8;37
5;35
49;25
36;17
32;33
35;46
22;13
46;27
35;29
36;24
3;44
39;1
20;8
44;44
34;42
45;29
22;46
47;26
26;47
22;36
35;6
36;39
7;0
7;2
22;26
22;36
25;21
31;7
24;39
43;13
9;20
14;23
6;14
36;43
29;21
31;29
37;0
7;37
16;21
40;44
29;15
46;35
14;6
26;22
41;22
37;5
39;31
2;8
34;37
27;2
27;49
37;15
21;10
31;15
30;18
44;7
0;3
1;8
29;42
36;4
31;42
35;21
5;33
10;34
35;27
48;26
13;48
5;32
5;29
45;48
44;46
6;43
6;26
31;26
27;24
49;35
47;28
8;30
47;48
48;29
1;1
37;18
48;37
26;30
33;22
7;31
24;26
3;9
6;22
10;25
8;49
44;0
12;35
16;17
29;20
11;8
39;35
19;44
20;13
41;17
13;33
32;45
34;24
29;8
32;31
12;38
9;28
12;16
18;21
13;39
6;22
46;48
45;2
44;31
10;0
24;7
31;12
6;18
1;0
45;36
25;12
48;23
25;40
2;13
44;18
8;8
23;10
18;16
8;32
39;6
42;3
47;1
41;2
38;30
47;12
47;16
2;10
36;31
33;34
27;17
43;20
44;13
13;8
15;23
5;1
18;44
7;3
15;4
0;23
33;20
31;34
26;19
48;5
28;13
26;0
19;4
13;30
15;49
2;10
45;35
28;45
17;41
30;49
12;5
27;10
28;7
45;19
5;49
17;11
6;32
11;22
27;42
14;31
33;5
32;29
31;36
39;47
44;9
48;20
26;12
5;17
0;26
36;17
34;4
41;30
6;49
5;39
44;22
36;29
5;33
16;36
39;29
41;7
19;30
34;22
19;10
23;20
40;44
29;24
16;35
32;23
12;19
6;10
18;20
10;8
47;26
10;1
9;19
11;33
45;9
9;24
28;42
13;6
30;49
7;38
39;26
2;29
25;28
14;17
18;19
28;13
11;42
8;46
23;48
19;5
44;12
9;24
14;20
5;21
45;19
14;21
0;11
29;27
45;33
39;1
20;23
28;4
22;48
25;48
17;43
13;39
49;33
1;33
31;5
27;47
13;18
14;45
22;41
45;19
18;2
33;2
40;12
42;29
6;33
24;19
33;14
40;37
25;32
17;12
26;26
0;13
14;42
9;11
38;37
25;13
11;11
23;35
28;5
39;33
20;25
45;28
22;18
3;17
42;18
47;40
36;42
5;33
41;5
33;26
20;45
46;46
38;16
24;48
33;23
36;3
11;2
37;21
27;15
32;19
49;45
22;27
10;37
23;19
5;5
47;4
3;43
8;6
37;23
43;39
35;38
9;33
4;1
14;21
31;28
36;49
11;23
1;30
19;3
24;9
39;2
46;3
39;22
20;27
5;4
6;31
12;49
49;20
27;16
31;46
20;6
6;9
3;29
36;44
26;26
9;24
40;43
17;44
41;17
30;6
45;20
40;9
8;2
7;11
26;29
8;25
27;38
31;8
44;33
25;6
26;11
32;2
23;1
30;32
16;31
32;25
34;15
39;26
5;18
43;15
20;14
1;21
25;28
49;6
11;37
21;0
6;45
19;26
40;31
27;21
34;8
4;15
41;16
15;37
13;48
48;23
26;6
38;47
41;44
14;4
11;16
24;32
30;47
43;24
15;43
39;26
0;22
43;30
34;42
9;43
3;8
0;34
10;21
14;20
32;32
17;7
37;34
16;47
14;21
9;38
37;1
25;3
47;30
25;3
1;29
24;47
6;48
22;28
12;41
39;14
14;32
1;45
38;8
39;28
10;10
33;37
48;29
37;23
4;49
18;1
18;47
44;36
14;48
7;45
24;40
3;15
41;8
39;15
48;29
38;49
42;44
29;29
40;29
17;23
16;29
2;31
39;4
4;10
34;22
26;11
15;40
38;12
31;41
3;9
26;39
27;38
21;25
12;16
24;19
29;44
2;27
25;3
31;27
32;32
44;13
14;2
47;11
4;23
9;21
23;47
23;1
25;26
8;46
23;26
45;31
46;2
20;2
40;34
34;31
22;0
33;40
7;9
19;32
36;0
38;11
6;1
43;20
14;23
41;5
48;46
9;2
36;15
30;41
37;31
26;43
10;18
13;27
20;24
35;33
22;4
47;45
44;8
40;19
41;17
46;29
25;6
47;30
37;40
24;23
33;40
34;23
13;11
4;21
42;41
1;21
13;7
29;21
33;8
37;18
11;24
17;36
8;30
39;21
31;37
0;29
38;11
45;8
3;2
12;32
34;22
24;47
25;22
14;36
7;18
28;29
4;35
12;17
39;38
14;22
22;21
28;25
34;12
17;46
33;4
2;11
24;19
11;21
37;45
32;0
33;27
7;48
4;33
30;5
32;19
7;29
43;3
13;22
46;47
7;43
30;44
28;22
31;41
1;43
27;10
2;20
8;44
39;0
44;46
34;15
4;21
23;6
0;24
2;45
27;36
0;7
29;35
40;11
13;43
34;47
5;35
26;6
13;25
28;9
15;39
15;17
29;11
45;26
41;9
15;16
27;18
27;3
46;19
12;10
22;29
46;18
34;26
37;28
12;20
0;32
17;15
26;22
11;45
46;6
16;38
49;36
5;40
17;44
46;25
13;10
12;23
2;22
19;3
42;42
22;16
12;22
14;32
41;41
32;37
0;7
42;1
18;8
43;29
30;4
33;30
4;38
15;9
6;3
15;44
0;20
40;11
32;0
3;35
22;47
0;33
0;32
27;21
10;39
15;27
8;44
8;47
30;47
26;35
15;10
28;15
17;41
46;6
49;3
11;33
16;32
24;9
34;30
44;34
44;0
16;34
6;7
25;32
0;29
6;23
48;41
11;14
43;19
14;15
26;42
8;31
2;40
34;42
4;18
37;22
36;17
30;30
43;39
1;30
13;17
13;10
23;24
32;5
25;47
0;16
34;31
32;29
36;30
37;47
21;13
46;11
16;40
6;16
8;14
41;13
3;42
23;3
0;35
19;28
39;44
36;16
6;14
49;47
18;42
21;18
27;7
17;32
38;37
3;44
4;47
34;22
6;23
27;23
16;25
11;7
37;4
8;10
30;39
48;28
10;34
13;9
29;8
18;43
34;8
4;23
0;44
24;24
10;48
29;17
12;29
31;34
45;24
43;41
10;32
12;4
34;40
19;8
15;40
36;3
28;6
31;16
30;34
13;10
23;13
29;25
7;9
9;10
21;2
24;10
8;28
47;44
43;31
36;28
12;36
25;9
21;41
5;1
24;18
37;32
40;31
31;41
46;42
30;32
44;10
4;11
9;5
30;23
26;0
37;36
11;20
45;46
38;21
33;23
6;35
6;21
44;16
49;17
25;23
19;26
15;47
27;43
17;25
18;26
21;17
26;22
30;23
28;0
30;30
21;38
29;28
37;43
28;40
47;18
20;5
17;15
7;44
10;1
20;37
9;6
12;32
8;3
41;11
13;46
35;49
6;39
23;4
31;10
4;8
22;44
20;38
32;36
19;43
17;21
2;39
21;23
28;27
11;16
24;8
7;48
43;43
12;10
33;28
43;33
6;18
22;7
30;37
40;3
17;36
36;16
38;10
5;18
33;27
8;8
8;8
24;37
8;16
26;21
39;5
15;25
27;4
41;15
48;46
12;35
12;6
31;33
20;23
23;40
7;3
40;27
26;20
24;10
29;16
41;3
48;28
27;5
43;3
14;24
48;32
31;25
4;21
0;23
22;41
22;27
20;33
39;21
34;44
21;20
24;11
29;5
37;49
14;1
22;30
6;10
41;35
14;9
47;24
24;44
49;1
22;36
20;26
47;5
45;40
13;36
35;41
14;5
11;2
39;10
27;45
2;49
31;23
14;17
36;48
7;13
33;41
17;10
23;10
27;8
47;15
43;17
18;10
28;27
15;22
41;36
41;6
15;28
7;19
17;18
4;14
11;22
13;17
2;13
40;38
40;28
12;42
3;42
3;43
19;31
35;46
16;29
17;49
29;0
1;28
44;36
18;30
47;20
16;30
35;6
11;16
33;49
0;3
21;10
26;27
19;30
17;21
19;28
13;29
48;23
6;6
1;17
44;22
4;13
23;17
4;9
48;22
16;19
7;47
43;18
9;30
9;14
11;16
47;46
25;6
46;14
38;8
15;21
30;8
41;8
16;49
1;10
12;42
14;40
3;17
36;40
41;26
28;13
2;12
23;12
10;19
26;20
43;29
33;30
40;10
42;14
9;12
0;46
3;15
37;27
23;30
36;21
13;22
43;3
10;24
48;7
25;23
34;16
26;31
48;36
19;47
18;17
35;47
7;13
49;45
6;23
14;47
4;49
0;29
16;27
1;49
2;1
9;29
8;18
41;41
8;32
39;23
38;20
37;5
30;37
37;8
18;16
7;20
38;36
11;48
23;38
32;49
47;45
25;34
33;28
22;45
43;19
20;18
29;44
39;25
47;16
2;11
2;15
18;29
4;34
11;4
17;1
12;46
48;2
27;22
49;10
11;29
12;48
6;43
41;47
35;34
32;12
44;21
0;22
1;14
18;41
29;10
31;11
37;27
49;40
1;0
34;43
31;31
4;42
41;17
15;31
0;4
21;16
46;6
2;48
38;26
10;41
44;43
48;49
21;18
21;34
47;5
22;32
47;47
49;31
47;19
41;5
4;47
41;16
17;27
27;34
7;8
15;9
31;20
10;40
14;15
13;38
2;9
0;35
42;17
3;6
7;13
38;32
19;4
47;37
1;25
36;38
17;49
16;29
3;5
7;48
16;13
32;45
26;19
2;11
29;10
15;0
0;23
14;4
28;20
34;4
6;48
21;43
49;34
28;19
24;44
44;27
18;10
22;10
0;43
13;31
40;18
46;48
4;46
41;38
28;43
1;11
17;47
37;47
38;31
12;2
0;25
7;43
28;34
44;19
27;4
49;49
12;21
21;47
10;40
31;4
12;22
27;16
44;40
49;46
18;28
14;6
45;43
34;12
33;16
28;42
5;17
6;22
41;15
11;26
36;13
9;22
20;6
41;41
47;29
18;7
48;44
18;3
39;23
5;24
34;8
20;1
9;41
36;48
43;18
23;43
34;43
49;35
22;35
8;17
49;16
39;36
25;24
30;22
16;21
47;26
37;21
34;43
43;11
23;23
37;4
32;20
24;31
29;15
15;24
27;41
20;38
14;1
23;38
17;38
37;26
19;47
48;40
10;22
5;38
45;7
30;8
20;40
3;30
21;1
24;24
12;12
26;9
30;46
31;15
24;41
24;9
12;40
17;0
33;1
37;33
28;6
40;13
31;33
8;4
27;37
15;6
13;6
19;24
31;30
42;1
45;10
23;24
40;44
13;36
30;19
18;9
13;6
34;47
44;5
46;20
34;31
17;35
7;7
45;46
40;15
12;19
27;47
32;23
7;24
34;7
42;2
4;31
18;15
4;30
49;29
23;40
36;14
7;48
11;22
23;49
38;17
39;15
5;32
4;25
10;31
43;6
38;23
38;49
10;16
